User Name,First Name,Last Name,Role,Business Unit Name,Cost Center Name,Password,Send Email,Apply Global % Refund
paytelco41@mailinator.com,John,Doe,Customer Admin,Brindaabella Circuit,Brindaabella Circuit,Layout777#,No,No
paytelco42@mailinator.com,Jimmy,Doe,Employee,Brindaabella Circuit,Brindaabella Circuit,Layout777#,No,No
paytelco43@mailinator.com,Jones,Doe,Employee,Brindaabella Circuit,Brindaabella Circuit,Layout777#,No,No
paytelco44@mailinator.com,James,Doe,Employee,Brindaabella Circuit,Brindaabella Circuit,Layout777#,No,No
paytelco45@mailinator.com,Tom,Doe,Employee,Brindaabella Circuit,Brindaabella Circuit,Layout777#,No,No
paytelco46@mailinator.com,Trever,Doe,Employee,Brindaabella Circuit,Brindaabella Circuit,Layout777#,No,No
paytelco47@mailinator.com,Denis,Doe,Employee,Brindaabella Circuit,Brindaabella Circuit,Layout777#,No,No
paytelco48@mailinator.com,Micheal,Doe,Employee,Brindaabella Circuit,Brindaabella Circuit,Layout777#,No,No
paytelco49@mailinator.com,Sophia,Doe,Employee,Brindaabella Circuit,Brindaabella Circuit,Layout777#,No,No
paytelco50@mailinator.com,Angela,Doe,Employee,Brindaabella Circuit,Brindaabella Circuit,Layout777#,No,No
paytelco51@mailinator.com,Peter,Doe,Accounts Payable,Brindaabella Circuit,Brindaabella Circuit,Layout777#,No,No
paytelco52@mailinator.com,Satish,Doe,Accounts Payable,Brindaabella Circuit,Brindaabella Circuit,Layout777#,No,No
paytelco53@mailinator.com,Saroj,Doe,Accounts Payable,Brindaabella Circuit,Brindaabella Circuit,Layout777#,No,No
